sim,winner_overall,state_id,abbr,winner,state
1,Trump,1,AK,Trump,Alaska
1,Trump,2,AL,Trump,Alabama
1,Trump,3,AR,Trump,Arkansas
1,Trump,4,AZ,Trump,Arizona
1,Trump,5,CA,Biden,California
1,Trump,6,CO,Biden,Colorado
1,Trump,7,CT,Biden,Connecticut
1,Trump,8,DC,Biden,District of Columbia
1,Trump,9,DE,Biden,Delaware
1,Trump,10,FL,Trump,Florida
1,Trump,11,GA,Trump,Georgia
1,Trump,12,HI,Biden,Hawaii
1,Trump,13,IA,Trump,Iowa
1,Trump,14,ID,Trump,Idaho
1,Trump,15,IL,Biden,Illinois
1,Trump,16,IN,Trump,Indiana
1,Trump,17,KS,Trump,Kansas
1,Trump,18,KY,Trump,Kentucky
1,Trump,19,LA,Trump,Louisiana
1,Trump,20,MA,Biden,Massachusetts
1,Trump,21,MD,Biden,Maryland
1,Trump,22,ME,Trump,Maine
1,Trump,24,MN,Trump,Michigan
1,Trump,25,MO,Trump,Minnesota
1,Trump,26,MS,Trump,Missouri
1,Trump,27,MT,Trump,Mississippi
1,Trump,28,NC,Trump,Montana
1,Trump,29,ND,Trump,North Carolina
1,Trump,30,NE,Trump,North Dakota
1,Trump,31,NH,Trump,Nebraska
1,Trump,32,NJ,Trump,New Hampshire
1,Trump,33,NM,Biden,New Jersey
1,Trump,34,NV,Biden,New Mexico
1,Trump,35,NY,Trump,Nevada
1,Trump,36,OH,Biden,New York
1,Trump,37,OK,Trump,Ohio
1,Trump,38,OR,Trump,Oklahoma
1,Trump,39,PA,Biden,Oregon
1,Trump,40,RI,Trump,Pennsylvania
1,Trump,41,SC,Biden,Rhode Island
1,Trump,42,SD,Trump,South Carolina
1,Trump,43,TN,Trump,South Dakota
1,Trump,44,TX,Trump,Tennessee
1,Trump,45,UT,Trump,Texas
1,Trump,46,VA,Trump,Utah
1,Trump,47,VT,Biden,Virginia
1,Trump,48,WA,Biden,Vermont
1,Trump,49,WI,Biden,Washington
1,Trump,50,WV,Trump,Wisconsin
1,Trump,51,WY,Trump,West Virginia
1,Trump,52,NA,Trump,Wyoming
2,Trump,1,AK,Trump,Alaska
2,Trump,2,AL,Trump,Alabama
2,Trump,3,AR,Trump,Arkansas
2,Trump,4,AZ,Trump,Arizona
2,Trump,5,CA,Biden,California
2,Trump,6,CO,Biden,Colorado
2,Trump,7,CT,Biden,Connecticut
2,Trump,8,DC,Biden,District of Columbia
2,Trump,9,DE,Biden,Delaware
2,Trump,10,FL,Trump,Florida
2,Trump,11,GA,Trump,Georgia
2,Trump,12,HI,Biden,Hawaii
2,Trump,13,IA,Trump,Iowa
2,Trump,14,ID,Trump,Idaho
2,Trump,15,IL,Biden,Illinois
2,Trump,16,IN,Trump,Indiana
2,Trump,17,KS,Trump,Kansas
2,Trump,18,KY,Trump,Kentucky
2,Trump,19,LA,Trump,Louisiana
2,Trump,20,MA,Biden,Massachusetts
2,Trump,21,MD,Biden,Maryland
2,Trump,22,ME,Biden,Maine
2,Trump,24,MN,Biden,Michigan
2,Trump,25,MO,Biden,Minnesota
2,Trump,26,MS,Trump,Missouri
2,Trump,27,MT,Trump,Mississippi
2,Trump,28,NC,Trump,Montana
2,Trump,29,ND,Trump,North Carolina
2,Trump,30,NE,Trump,North Dakota
2,Trump,31,NH,Trump,Nebraska
2,Trump,32,NJ,Biden,New Hampshire
2,Trump,33,NM,Biden,New Jersey
2,Trump,34,NV,Biden,New Mexico
2,Trump,35,NY,Biden,Nevada
2,Trump,36,OH,Biden,New York
2,Trump,37,OK,Trump,Ohio
2,Trump,38,OR,Trump,Oklahoma
2,Trump,39,PA,Biden,Oregon
2,Trump,40,RI,Trump,Pennsylvania
2,Trump,41,SC,Biden,Rhode Island
2,Trump,42,SD,Trump,South Carolina
2,Trump,43,TN,Trump,South Dakota
2,Trump,44,TX,Trump,Tennessee
2,Trump,45,UT,Trump,Texas
2,Trump,46,VA,Trump,Utah
2,Trump,47,VT,Biden,Virginia
2,Trump,48,WA,Biden,Vermont
2,Trump,49,WI,Biden,Washington
2,Trump,50,WV,Biden,Wisconsin
2,Trump,51,WY,Trump,West Virginia
2,Trump,52,NA,Trump,Wyoming
3,Biden,1,AK,Trump,Alaska
3,Biden,2,AL,Trump,Alabama
3,Biden,3,AR,Trump,Arkansas
3,Biden,4,AZ,Biden,Arizona
3,Biden,5,CA,Biden,California
3,Biden,6,CO,Biden,Colorado
3,Biden,7,CT,Biden,Connecticut
3,Biden,8,DC,Biden,District of Columbia
3,Biden,9,DE,Biden,Delaware
3,Biden,10,FL,Biden,Florida
3,Biden,11,GA,Trump,Georgia
3,Biden,12,HI,Biden,Hawaii
3,Biden,13,IA,Trump,Iowa
3,Biden,14,ID,Trump,Idaho
3,Biden,15,IL,Biden,Illinois
3,Biden,16,IN,Trump,Indiana
3,Biden,17,KS,Trump,Kansas
3,Biden,18,KY,Trump,Kentucky
3,Biden,19,LA,Trump,Louisiana
3,Biden,20,MA,Biden,Massachusetts
3,Biden,21,MD,Biden,Maryland
3,Biden,22,ME,Biden,Maine
3,Biden,24,MN,Biden,Michigan
3,Biden,25,MO,Biden,Minnesota
3,Biden,26,MS,Trump,Missouri
3,Biden,27,MT,Trump,Mississippi
3,Biden,28,NC,Trump,Montana
3,Biden,29,ND,Biden,North Carolina
3,Biden,30,NE,Trump,North Dakota
3,Biden,31,NH,Trump,Nebraska
3,Biden,32,NJ,Biden,New Hampshire
3,Biden,33,NM,Biden,New Jersey
3,Biden,34,NV,Biden,New Mexico
3,Biden,35,NY,Biden,Nevada
3,Biden,36,OH,Biden,New York
3,Biden,37,OK,Biden,Ohio
3,Biden,38,OR,Trump,Oklahoma
3,Biden,39,PA,Biden,Oregon
3,Biden,40,RI,Biden,Pennsylvania
3,Biden,41,SC,Biden,Rhode Island
3,Biden,42,SD,Trump,South Carolina
3,Biden,43,TN,Trump,South Dakota
3,Biden,44,TX,Trump,Tennessee
3,Biden,45,UT,Trump,Texas
3,Biden,46,VA,Trump,Utah
3,Biden,47,VT,Biden,Virginia
3,Biden,48,WA,Biden,Vermont
3,Biden,49,WI,Biden,Washington
3,Biden,50,WV,Biden,Wisconsin
3,Biden,51,WY,Trump,West Virginia
3,Biden,52,NA,Trump,Wyoming
4,Biden,1,AK,Trump,Alaska
4,Biden,2,AL,Trump,Alabama
4,Biden,3,AR,Trump,Arkansas
4,Biden,4,AZ,Biden,Arizona
4,Biden,5,CA,Biden,California
4,Biden,6,CO,Biden,Colorado
4,Biden,7,CT,Biden,Connecticut
4,Biden,8,DC,Biden,District of Columbia
4,Biden,9,DE,Biden,Delaware
4,Biden,10,FL,Biden,Florida
4,Biden,11,GA,Biden,Georgia
4,Biden,12,HI,Biden,Hawaii
4,Biden,13,IA,Biden,Iowa
4,Biden,14,ID,Trump,Idaho
4,Biden,15,IL,Biden,Illinois
4,Biden,16,IN,Trump,Indiana
4,Biden,17,KS,Trump,Kansas
4,Biden,18,KY,Trump,Kentucky
4,Biden,19,LA,Trump,Louisiana
4,Biden,20,MA,Biden,Massachusetts
4,Biden,21,MD,Biden,Maryland
4,Biden,22,ME,Biden,Maine
4,Biden,24,MN,Biden,Michigan
4,Biden,25,MO,Biden,Minnesota
4,Biden,26,MS,Trump,Missouri
4,Biden,27,MT,Trump,Mississippi
4,Biden,28,NC,Biden,Montana
4,Biden,29,ND,Biden,North Carolina
4,Biden,30,NE,Trump,North Dakota
4,Biden,31,NH,Trump,Nebraska
4,Biden,32,NJ,Biden,New Hampshire
4,Biden,33,NM,Biden,New Jersey
4,Biden,34,NV,Biden,New Mexico
4,Biden,35,NY,Biden,Nevada
4,Biden,36,OH,Biden,New York
4,Biden,37,OK,Biden,Ohio
4,Biden,38,OR,Trump,Oklahoma
4,Biden,39,PA,Biden,Oregon
4,Biden,40,RI,Biden,Pennsylvania
4,Biden,41,SC,Biden,Rhode Island
4,Biden,42,SD,Biden,South Carolina
4,Biden,43,TN,Trump,South Dakota
4,Biden,44,TX,Trump,Tennessee
4,Biden,45,UT,Biden,Texas
4,Biden,46,VA,Trump,Utah
4,Biden,47,VT,Biden,Virginia
4,Biden,48,WA,Biden,Vermont
4,Biden,49,WI,Biden,Washington
4,Biden,50,WV,Biden,Wisconsin
4,Biden,51,WY,Trump,West Virginia
4,Biden,52,NA,Trump,Wyoming
5,Biden,1,AK,Trump,Alaska
5,Biden,2,AL,Trump,Alabama
5,Biden,3,AR,Trump,Arkansas
5,Biden,4,AZ,Biden,Arizona
5,Biden,5,CA,Biden,California
5,Biden,6,CO,Biden,Colorado
5,Biden,7,CT,Biden,Connecticut
5,Biden,8,DC,Biden,District of Columbia
5,Biden,9,DE,Biden,Delaware
5,Biden,10,FL,Trump,Florida
5,Biden,11,GA,Trump,Georgia
5,Biden,12,HI,Biden,Hawaii
5,Biden,13,IA,Trump,Iowa
5,Biden,14,ID,Trump,Idaho
5,Biden,15,IL,Biden,Illinois
5,Biden,16,IN,Trump,Indiana
5,Biden,17,KS,Trump,Kansas
5,Biden,18,KY,Trump,Kentucky
5,Biden,19,LA,Trump,Louisiana
5,Biden,20,MA,Biden,Massachusetts
5,Biden,21,MD,Biden,Maryland
5,Biden,22,ME,Biden,Maine
5,Biden,24,MN,Biden,Michigan
5,Biden,25,MO,Biden,Minnesota
5,Biden,26,MS,Trump,Missouri
5,Biden,27,MT,Trump,Mississippi
5,Biden,28,NC,Trump,Montana
5,Biden,29,ND,Trump,North Carolina
5,Biden,30,NE,Trump,North Dakota
5,Biden,31,NH,Trump,Nebraska
5,Biden,32,NJ,Biden,New Hampshire
5,Biden,33,NM,Biden,New Jersey
5,Biden,34,NV,Biden,New Mexico
5,Biden,35,NY,Trump,Nevada
5,Biden,36,OH,Biden,New York
5,Biden,37,OK,Trump,Ohio
5,Biden,38,OR,Trump,Oklahoma
5,Biden,39,PA,Biden,Oregon
5,Biden,40,RI,Biden,Pennsylvania
5,Biden,41,SC,Biden,Rhode Island
5,Biden,42,SD,Trump,South Carolina
5,Biden,43,TN,Trump,South Dakota
5,Biden,44,TX,Trump,Tennessee
5,Biden,45,UT,Trump,Texas
5,Biden,46,VA,Trump,Utah
5,Biden,47,VT,Biden,Virginia
5,Biden,48,WA,Biden,Vermont
5,Biden,49,WI,Biden,Washington
5,Biden,50,WV,Biden,Wisconsin
5,Biden,51,WY,Trump,West Virginia
5,Biden,52,NA,Trump,Wyoming
6,Biden,1,AK,Trump,Alaska
6,Biden,2,AL,Trump,Alabama
6,Biden,3,AR,Trump,Arkansas
6,Biden,4,AZ,Biden,Arizona
6,Biden,5,CA,Biden,California
6,Biden,6,CO,Biden,Colorado
6,Biden,7,CT,Biden,Connecticut
6,Biden,8,DC,Biden,District of Columbia
6,Biden,9,DE,Biden,Delaware
6,Biden,10,FL,Trump,Florida
6,Biden,11,GA,Trump,Georgia
6,Biden,12,HI,Biden,Hawaii
6,Biden,13,IA,Trump,Iowa
6,Biden,14,ID,Trump,Idaho
6,Biden,15,IL,Biden,Illinois
6,Biden,16,IN,Trump,Indiana
6,Biden,17,KS,Trump,Kansas
6,Biden,18,KY,Trump,Kentucky
6,Biden,19,LA,Trump,Louisiana
6,Biden,20,MA,Biden,Massachusetts
6,Biden,21,MD,Biden,Maryland
6,Biden,22,ME,Biden,Maine
6,Biden,24,MN,Biden,Michigan
6,Biden,25,MO,Biden,Minnesota
6,Biden,26,MS,Trump,Missouri
6,Biden,27,MT,Trump,Mississippi
6,Biden,28,NC,Trump,Montana
6,Biden,29,ND,Trump,North Carolina
6,Biden,30,NE,Trump,North Dakota
6,Biden,31,NH,Trump,Nebraska
6,Biden,32,NJ,Biden,New Hampshire
6,Biden,33,NM,Biden,New Jersey
6,Biden,34,NV,Biden,New Mexico
6,Biden,35,NY,Biden,Nevada
6,Biden,36,OH,Biden,New York
6,Biden,37,OK,Biden,Ohio
6,Biden,38,OR,Trump,Oklahoma
6,Biden,39,PA,Biden,Oregon
6,Biden,40,RI,Biden,Pennsylvania
6,Biden,41,SC,Biden,Rhode Island
6,Biden,42,SD,Trump,South Carolina
6,Biden,43,TN,Trump,South Dakota
6,Biden,44,TX,Trump,Tennessee
6,Biden,45,UT,Trump,Texas
6,Biden,46,VA,Biden,Utah
6,Biden,47,VT,Biden,Virginia
6,Biden,48,WA,Biden,Vermont
6,Biden,49,WI,Biden,Washington
6,Biden,50,WV,Biden,Wisconsin
6,Biden,51,WY,Trump,West Virginia
6,Biden,52,NA,Trump,Wyoming
7,Biden,1,AK,Biden,Alaska
7,Biden,2,AL,Trump,Alabama
7,Biden,3,AR,Trump,Arkansas
7,Biden,4,AZ,Trump,Arizona
7,Biden,5,CA,Biden,California
7,Biden,6,CO,Biden,Colorado
7,Biden,7,CT,Biden,Connecticut
7,Biden,8,DC,Biden,District of Columbia
7,Biden,9,DE,Biden,Delaware
7,Biden,10,FL,Trump,Florida
7,Biden,11,GA,Biden,Georgia
7,Biden,12,HI,Biden,Hawaii
7,Biden,13,IA,Trump,Iowa
7,Biden,14,ID,Trump,Idaho
7,Biden,15,IL,Biden,Illinois
7,Biden,16,IN,Trump,Indiana
7,Biden,17,KS,Trump,Kansas
7,Biden,18,KY,Trump,Kentucky
7,Biden,19,LA,Trump,Louisiana
7,Biden,20,MA,Biden,Massachusetts
7,Biden,21,MD,Biden,Maryland
7,Biden,22,ME,Biden,Maine
7,Biden,24,MN,Biden,Michigan
7,Biden,25,MO,Biden,Minnesota
7,Biden,26,MS,Trump,Missouri
7,Biden,27,MT,Trump,Mississippi
7,Biden,28,NC,Trump,Montana
7,Biden,29,ND,Biden,North Carolina
7,Biden,30,NE,Trump,North Dakota
7,Biden,31,NH,Trump,Nebraska
7,Biden,32,NJ,Biden,New Hampshire
7,Biden,33,NM,Biden,New Jersey
7,Biden,34,NV,Biden,New Mexico
7,Biden,35,NY,Biden,Nevada
7,Biden,36,OH,Biden,New York
7,Biden,37,OK,Biden,Ohio
7,Biden,38,OR,Trump,Oklahoma
7,Biden,39,PA,Biden,Oregon
7,Biden,40,RI,Biden,Pennsylvania
7,Biden,41,SC,Biden,Rhode Island
7,Biden,42,SD,Trump,South Carolina
7,Biden,43,TN,Trump,South Dakota
7,Biden,44,TX,Trump,Tennessee
7,Biden,45,UT,Trump,Texas
7,Biden,46,VA,Trump,Utah
7,Biden,47,VT,Biden,Virginia
7,Biden,48,WA,Biden,Vermont
7,Biden,49,WI,Biden,Washington
7,Biden,50,WV,Trump,Wisconsin
7,Biden,51,WY,Trump,West Virginia
7,Biden,52,NA,Trump,Wyoming
8,Biden,1,AK,Trump,Alaska
8,Biden,2,AL,Trump,Alabama
8,Biden,3,AR,Trump,Arkansas
8,Biden,4,AZ,Biden,Arizona
8,Biden,5,CA,Biden,California
8,Biden,6,CO,Biden,Colorado
8,Biden,7,CT,Biden,Connecticut
8,Biden,8,DC,Biden,District of Columbia
8,Biden,9,DE,Biden,Delaware
8,Biden,10,FL,Biden,Florida
8,Biden,11,GA,Trump,Georgia
8,Biden,12,HI,Biden,Hawaii
8,Biden,13,IA,Biden,Iowa
8,Biden,14,ID,Trump,Idaho
8,Biden,15,IL,Biden,Illinois
8,Biden,16,IN,Trump,Indiana
8,Biden,17,KS,Trump,Kansas
8,Biden,18,KY,Trump,Kentucky
8,Biden,19,LA,Trump,Louisiana
8,Biden,20,MA,Biden,Massachusetts
8,Biden,21,MD,Biden,Maryland
8,Biden,22,ME,Biden,Maine
8,Biden,24,MN,Biden,Michigan
8,Biden,25,MO,Biden,Minnesota
8,Biden,26,MS,Trump,Missouri
8,Biden,27,MT,Trump,Mississippi
8,Biden,28,NC,Trump,Montana
8,Biden,29,ND,Trump,North Carolina
8,Biden,30,NE,Trump,North Dakota
8,Biden,31,NH,Trump,Nebraska
8,Biden,32,NJ,Biden,New Hampshire
8,Biden,33,NM,Biden,New Jersey
8,Biden,34,NV,Biden,New Mexico
8,Biden,35,NY,Biden,Nevada
8,Biden,36,OH,Biden,New York
8,Biden,37,OK,Trump,Ohio
8,Biden,38,OR,Trump,Oklahoma
8,Biden,39,PA,Biden,Oregon
8,Biden,40,RI,Biden,Pennsylvania
8,Biden,41,SC,Biden,Rhode Island
8,Biden,42,SD,Trump,South Carolina
8,Biden,43,TN,Trump,South Dakota
8,Biden,44,TX,Trump,Tennessee
8,Biden,45,UT,Trump,Texas
8,Biden,46,VA,Trump,Utah
8,Biden,47,VT,Biden,Virginia
8,Biden,48,WA,Biden,Vermont
8,Biden,49,WI,Biden,Washington
8,Biden,50,WV,Biden,Wisconsin
8,Biden,51,WY,Trump,West Virginia
8,Biden,52,NA,Trump,Wyoming
9,Biden,1,AK,Trump,Alaska
9,Biden,2,AL,Trump,Alabama
9,Biden,3,AR,Trump,Arkansas
9,Biden,4,AZ,Trump,Arizona
9,Biden,5,CA,Biden,California
9,Biden,6,CO,Biden,Colorado
9,Biden,7,CT,Biden,Connecticut
9,Biden,8,DC,Biden,District of Columbia
9,Biden,9,DE,Biden,Delaware
9,Biden,10,FL,Trump,Florida
9,Biden,11,GA,Biden,Georgia
9,Biden,12,HI,Biden,Hawaii
9,Biden,13,IA,Trump,Iowa
9,Biden,14,ID,Trump,Idaho
9,Biden,15,IL,Biden,Illinois
9,Biden,16,IN,Trump,Indiana
9,Biden,17,KS,Trump,Kansas
9,Biden,18,KY,Trump,Kentucky
9,Biden,19,LA,Trump,Louisiana
9,Biden,20,MA,Biden,Massachusetts
9,Biden,21,MD,Biden,Maryland
9,Biden,22,ME,Biden,Maine
9,Biden,24,MN,Biden,Michigan
9,Biden,25,MO,Biden,Minnesota
9,Biden,26,MS,Trump,Missouri
9,Biden,27,MT,Trump,Mississippi
9,Biden,28,NC,Trump,Montana
9,Biden,29,ND,Biden,North Carolina
9,Biden,30,NE,Trump,North Dakota
9,Biden,31,NH,Trump,Nebraska
9,Biden,32,NJ,Trump,New Hampshire
9,Biden,33,NM,Biden,New Jersey
9,Biden,34,NV,Biden,New Mexico
9,Biden,35,NY,Biden,Nevada
9,Biden,36,OH,Biden,New York
9,Biden,37,OK,Trump,Ohio
9,Biden,38,OR,Trump,Oklahoma
9,Biden,39,PA,Biden,Oregon
9,Biden,40,RI,Biden,Pennsylvania
9,Biden,41,SC,Biden,Rhode Island
9,Biden,42,SD,Trump,South Carolina
9,Biden,43,TN,Trump,South Dakota
9,Biden,44,TX,Trump,Tennessee
9,Biden,45,UT,Trump,Texas
9,Biden,46,VA,Trump,Utah
9,Biden,47,VT,Biden,Virginia
9,Biden,48,WA,Biden,Vermont
9,Biden,49,WI,Biden,Washington
9,Biden,50,WV,Biden,Wisconsin
9,Biden,51,WY,Trump,West Virginia
9,Biden,52,NA,Trump,Wyoming
10,Biden,1,AK,Trump,Alaska
10,Biden,2,AL,Trump,Alabama
10,Biden,3,AR,Trump,Arkansas
10,Biden,4,AZ,Biden,Arizona
10,Biden,5,CA,Biden,California
10,Biden,6,CO,Biden,Colorado
10,Biden,7,CT,Biden,Connecticut
10,Biden,8,DC,Biden,District of Columbia
10,Biden,9,DE,Biden,Delaware
10,Biden,10,FL,Biden,Florida
10,Biden,11,GA,Biden,Georgia
10,Biden,12,HI,Biden,Hawaii
10,Biden,13,IA,Trump,Iowa
10,Biden,14,ID,Trump,Idaho
10,Biden,15,IL,Biden,Illinois
10,Biden,16,IN,Trump,Indiana
10,Biden,17,KS,Trump,Kansas
10,Biden,18,KY,Trump,Kentucky
10,Biden,19,LA,Trump,Louisiana
10,Biden,20,MA,Biden,Massachusetts
10,Biden,21,MD,Biden,Maryland
10,Biden,22,ME,Biden,Maine
10,Biden,24,MN,Biden,Michigan
10,Biden,25,MO,Biden,Minnesota
10,Biden,26,MS,Trump,Missouri
10,Biden,27,MT,Trump,Mississippi
10,Biden,28,NC,Trump,Montana
10,Biden,29,ND,Biden,North Carolina
10,Biden,30,NE,Trump,North Dakota
10,Biden,31,NH,Trump,Nebraska
10,Biden,32,NJ,Biden,New Hampshire
10,Biden,33,NM,Biden,New Jersey
10,Biden,34,NV,Biden,New Mexico
10,Biden,35,NY,Biden,Nevada
10,Biden,36,OH,Biden,New York
10,Biden,37,OK,Biden,Ohio
10,Biden,38,OR,Trump,Oklahoma
10,Biden,39,PA,Biden,Oregon
10,Biden,40,RI,Biden,Pennsylvania
10,Biden,41,SC,Biden,Rhode Island
10,Biden,42,SD,Biden,South Carolina
10,Biden,43,TN,Trump,South Dakota
10,Biden,44,TX,Trump,Tennessee
10,Biden,45,UT,Biden,Texas
10,Biden,46,VA,Trump,Utah
10,Biden,47,VT,Biden,Virginia
10,Biden,48,WA,Biden,Vermont
10,Biden,49,WI,Biden,Washington
10,Biden,50,WV,Biden,Wisconsin
10,Biden,51,WY,Trump,West Virginia
10,Biden,52,NA,Trump,Wyoming
11,Biden,1,AK,Trump,Alaska
11,Biden,2,AL,Trump,Alabama
11,Biden,3,AR,Trump,Arkansas
11,Biden,4,AZ,Trump,Arizona
11,Biden,5,CA,Biden,California
11,Biden,6,CO,Biden,Colorado
11,Biden,7,CT,Biden,Connecticut
11,Biden,8,DC,Biden,District of Columbia
11,Biden,9,DE,Biden,Delaware
11,Biden,10,FL,Biden,Florida
11,Biden,11,GA,Trump,Georgia
11,Biden,12,HI,Biden,Hawaii
11,Biden,13,IA,Trump,Iowa
11,Biden,14,ID,Trump,Idaho
11,Biden,15,IL,Biden,Illinois
11,Biden,16,IN,Trump,Indiana
11,Biden,17,KS,Trump,Kansas
11,Biden,18,KY,Trump,Kentucky
11,Biden,19,LA,Trump,Louisiana
11,Biden,20,MA,Biden,Massachusetts
11,Biden,21,MD,Biden,Maryland
11,Biden,22,ME,Trump,Maine
11,Biden,24,MN,Biden,Michigan
11,Biden,25,MO,Biden,Minnesota
11,Biden,26,MS,Trump,Missouri
11,Biden,27,MT,Trump,Mississippi
11,Biden,28,NC,Trump,Montana
11,Biden,29,ND,Trump,North Carolina
11,Biden,30,NE,Trump,North Dakota
11,Biden,31,NH,Trump,Nebraska
11,Biden,32,NJ,Biden,New Hampshire
11,Biden,33,NM,Biden,New Jersey
11,Biden,34,NV,Biden,New Mexico
11,Biden,35,NY,Biden,Nevada
11,Biden,36,OH,Biden,New York
11,Biden,37,OK,Trump,Ohio
11,Biden,38,OR,Trump,Oklahoma
11,Biden,39,PA,Biden,Oregon
11,Biden,40,RI,Trump,Pennsylvania
11,Biden,41,SC,Biden,Rhode Island
11,Biden,42,SD,Trump,South Carolina
11,Biden,43,TN,Trump,South Dakota
11,Biden,44,TX,Trump,Tennessee
11,Biden,45,UT,Trump,Texas
11,Biden,46,VA,Trump,Utah
11,Biden,47,VT,Biden,Virginia
11,Biden,48,WA,Biden,Vermont
11,Biden,49,WI,Biden,Washington
11,Biden,50,WV,Biden,Wisconsin
11,Biden,51,WY,Trump,West Virginia
11,Biden,52,NA,Trump,Wyoming
12,Biden,1,AK,Trump,Alaska
12,Biden,2,AL,Trump,Alabama
12,Biden,3,AR,Trump,Arkansas
12,Biden,4,AZ,Biden,Arizona
12,Biden,5,CA,Biden,California
12,Biden,6,CO,Biden,Colorado
12,Biden,7,CT,Biden,Connecticut
12,Biden,8,DC,Biden,District of Columbia
12,Biden,9,DE,Biden,Delaware
12,Biden,10,FL,Biden,Florida
12,Biden,11,GA,Biden,Georgia
12,Biden,12,HI,Biden,Hawaii
12,Biden,13,IA,Biden,Iowa
12,Biden,14,ID,Trump,Idaho
12,Biden,15,IL,Biden,Illinois
12,Biden,16,IN,Trump,Indiana
12,Biden,17,KS,Trump,Kansas
12,Biden,18,KY,Trump,Kentucky
12,Biden,19,LA,Trump,Louisiana
12,Biden,20,MA,Biden,Massachusetts
12,Biden,21,MD,Biden,Maryland
12,Biden,22,ME,Biden,Maine
12,Biden,24,MN,Biden,Michigan
12,Biden,25,MO,Biden,Minnesota
12,Biden,26,MS,Trump,Missouri
12,Biden,27,MT,Trump,Mississippi
12,Biden,28,NC,Trump,Montana
12,Biden,29,ND,Biden,North Carolina
12,Biden,30,NE,Trump,North Dakota
12,Biden,31,NH,Trump,Nebraska
12,Biden,32,NJ,Biden,New Hampshire
12,Biden,33,NM,Biden,New Jersey
12,Biden,34,NV,Biden,New Mexico
12,Biden,35,NY,Biden,Nevada
12,Biden,36,OH,Biden,New York
12,Biden,37,OK,Trump,Ohio
12,Biden,38,OR,Trump,Oklahoma
12,Biden,39,PA,Biden,Oregon
12,Biden,40,RI,Biden,Pennsylvania
12,Biden,41,SC,Biden,Rhode Island
12,Biden,42,SD,Trump,South Carolina
12,Biden,43,TN,Trump,South Dakota
12,Biden,44,TX,Trump,Tennessee
12,Biden,45,UT,Biden,Texas
12,Biden,46,VA,Trump,Utah
12,Biden,47,VT,Biden,Virginia
12,Biden,48,WA,Biden,Vermont
12,Biden,49,WI,Biden,Washington
12,Biden,50,WV,Biden,Wisconsin
12,Biden,51,WY,Trump,West Virginia
12,Biden,52,NA,Trump,Wyoming
13,Biden,1,AK,Trump,Alaska
13,Biden,2,AL,Trump,Alabama
13,Biden,3,AR,Trump,Arkansas
13,Biden,4,AZ,Biden,Arizona
13,Biden,5,CA,Biden,California
13,Biden,6,CO,Biden,Colorado
13,Biden,7,CT,Biden,Connecticut
13,Biden,8,DC,Biden,District of Columbia
13,Biden,9,DE,Biden,Delaware
13,Biden,10,FL,Biden,Florida
13,Biden,11,GA,Biden,Georgia
13,Biden,12,HI,Biden,Hawaii
13,Biden,13,IA,Biden,Iowa
13,Biden,14,ID,Trump,Idaho
13,Biden,15,IL,Biden,Illinois
13,Biden,16,IN,Trump,Indiana
13,Biden,17,KS,Trump,Kansas
13,Biden,18,KY,Trump,Kentucky
13,Biden,19,LA,Trump,Louisiana
13,Biden,20,MA,Biden,Massachusetts
13,Biden,21,MD,Biden,Maryland
13,Biden,22,ME,Biden,Maine
13,Biden,24,MN,Biden,Michigan
13,Biden,25,MO,Biden,Minnesota
13,Biden,26,MS,Trump,Missouri
13,Biden,27,MT,Trump,Mississippi
13,Biden,28,NC,Trump,Montana
13,Biden,29,ND,Biden,North Carolina
13,Biden,30,NE,Trump,North Dakota
13,Biden,31,NH,Trump,Nebraska
13,Biden,32,NJ,Biden,New Hampshire
13,Biden,33,NM,Biden,New Jersey
13,Biden,34,NV,Biden,New Mexico
13,Biden,35,NY,Biden,Nevada
13,Biden,36,OH,Biden,New York
13,Biden,37,OK,Biden,Ohio
13,Biden,38,OR,Trump,Oklahoma
13,Biden,39,PA,Biden,Oregon
13,Biden,40,RI,Biden,Pennsylvania
13,Biden,41,SC,Biden,Rhode Island
13,Biden,42,SD,Trump,South Carolina
13,Biden,43,TN,Trump,South Dakota
13,Biden,44,TX,Trump,Tennessee
13,Biden,45,UT,Biden,Texas
13,Biden,46,VA,Trump,Utah
13,Biden,47,VT,Biden,Virginia
13,Biden,48,WA,Biden,Vermont
13,Biden,49,WI,Biden,Washington
13,Biden,50,WV,Biden,Wisconsin
13,Biden,51,WY,Trump,West Virginia
13,Biden,52,NA,Trump,Wyoming
14,Biden,1,AK,Trump,Alaska
14,Biden,2,AL,Biden,Alabama
14,Biden,3,AR,Trump,Arkansas
14,Biden,4,AZ,Biden,Arizona
14,Biden,5,CA,Biden,California
14,Biden,6,CO,Biden,Colorado
14,Biden,7,CT,Biden,Connecticut
14,Biden,8,DC,Biden,District of Columbia
14,Biden,9,DE,Biden,Delaware
14,Biden,10,FL,Biden,Florida
14,Biden,11,GA,Biden,Georgia
14,Biden,12,HI,Biden,Hawaii
14,Biden,13,IA,Trump,Iowa
14,Biden,14,ID,Trump,Idaho
14,Biden,15,IL,Biden,Illinois
14,Biden,16,IN,Trump,Indiana
14,Biden,17,KS,Trump,Kansas
14,Biden,18,KY,Trump,Kentucky
14,Biden,19,LA,Biden,Louisiana
14,Biden,20,MA,Biden,Massachusetts
14,Biden,21,MD,Biden,Maryland
14,Biden,22,ME,Biden,Maine
14,Biden,24,MN,Biden,Michigan
14,Biden,25,MO,Biden,Minnesota
14,Biden,26,MS,Trump,Missouri
14,Biden,27,MT,Biden,Mississippi
14,Biden,28,NC,Trump,Montana
14,Biden,29,ND,Biden,North Carolina
14,Biden,30,NE,Trump,North Dakota
14,Biden,31,NH,Trump,Nebraska
14,Biden,32,NJ,Biden,New Hampshire
14,Biden,33,NM,Biden,New Jersey
14,Biden,34,NV,Biden,New Mexico
14,Biden,35,NY,Biden,Nevada
14,Biden,36,OH,Biden,New York
14,Biden,37,OK,Trump,Ohio
14,Biden,38,OR,Trump,Oklahoma
14,Biden,39,PA,Biden,Oregon
14,Biden,40,RI,Biden,Pennsylvania
14,Biden,41,SC,Biden,Rhode Island
14,Biden,42,SD,Biden,South Carolina
14,Biden,43,TN,Trump,South Dakota
14,Biden,44,TX,Biden,Tennessee
14,Biden,45,UT,Biden,Texas
14,Biden,46,VA,Trump,Utah
14,Biden,47,VT,Biden,Virginia
14,Biden,48,WA,Biden,Vermont
14,Biden,49,WI,Biden,Washington
14,Biden,50,WV,Biden,Wisconsin
14,Biden,51,WY,Trump,West Virginia
14,Biden,52,NA,Trump,Wyoming
15,Biden,1,AK,Trump,Alaska
15,Biden,2,AL,Trump,Alabama
15,Biden,3,AR,Trump,Arkansas
15,Biden,4,AZ,Biden,Arizona
15,Biden,5,CA,Biden,California
15,Biden,6,CO,Biden,Colorado
15,Biden,7,CT,Biden,Connecticut
15,Biden,8,DC,Biden,District of Columbia
15,Biden,9,DE,Biden,Delaware
15,Biden,10,FL,Biden,Florida
15,Biden,11,GA,Biden,Georgia
15,Biden,12,HI,Biden,Hawaii
15,Biden,13,IA,Biden,Iowa
15,Biden,14,ID,Trump,Idaho
15,Biden,15,IL,Biden,Illinois
15,Biden,16,IN,Trump,Indiana
15,Biden,17,KS,Trump,Kansas
15,Biden,18,KY,Trump,Kentucky
15,Biden,19,LA,Trump,Louisiana
15,Biden,20,MA,Biden,Massachusetts
15,Biden,21,MD,Biden,Maryland
15,Biden,22,ME,Biden,Maine
15,Biden,24,MN,Biden,Michigan
15,Biden,25,MO,Biden,Minnesota
15,Biden,26,MS,Trump,Missouri
15,Biden,27,MT,Trump,Mississippi
15,Biden,28,NC,Trump,Montana
15,Biden,29,ND,Biden,North Carolina
15,Biden,30,NE,Trump,North Dakota
15,Biden,31,NH,Trump,Nebraska
15,Biden,32,NJ,Biden,New Hampshire
15,Biden,33,NM,Biden,New Jersey
15,Biden,34,NV,Biden,New Mexico
15,Biden,35,NY,Biden,Nevada
15,Biden,36,OH,Biden,New York
15,Biden,37,OK,Trump,Ohio
15,Biden,38,OR,Trump,Oklahoma
15,Biden,39,PA,Biden,Oregon
15,Biden,40,RI,Biden,Pennsylvania
15,Biden,41,SC,Biden,Rhode Island
15,Biden,42,SD,Biden,South Carolina
15,Biden,43,TN,Trump,South Dakota
15,Biden,44,TX,Trump,Tennessee
15,Biden,45,UT,Biden,Texas
15,Biden,46,VA,Trump,Utah
15,Biden,47,VT,Biden,Virginia
15,Biden,48,WA,Biden,Vermont
15,Biden,49,WI,Biden,Washington
15,Biden,50,WV,Biden,Wisconsin
15,Biden,51,WY,Trump,West Virginia
15,Biden,52,NA,Trump,Wyoming
16,Biden,1,AK,Trump,Alaska
16,Biden,2,AL,Trump,Alabama
16,Biden,3,AR,Trump,Arkansas
16,Biden,4,AZ,Biden,Arizona
16,Biden,5,CA,Biden,California
16,Biden,6,CO,Biden,Colorado
16,Biden,7,CT,Biden,Connecticut
16,Biden,8,DC,Biden,District of Columbia
16,Biden,9,DE,Biden,Delaware
16,Biden,10,FL,Biden,Florida
16,Biden,11,GA,Trump,Georgia
16,Biden,12,HI,Biden,Hawaii
16,Biden,13,IA,Trump,Iowa
16,Biden,14,ID,Trump,Idaho
16,Biden,15,IL,Biden,Illinois
16,Biden,16,IN,Trump,Indiana
16,Biden,17,KS,Trump,Kansas
16,Biden,18,KY,Trump,Kentucky
16,Biden,19,LA,Trump,Louisiana
16,Biden,20,MA,Biden,Massachusetts
16,Biden,21,MD,Biden,Maryland
16,Biden,22,ME,Biden,Maine
16,Biden,24,MN,Biden,Michigan
16,Biden,25,MO,Biden,Minnesota
16,Biden,26,MS,Trump,Missouri
16,Biden,27,MT,Trump,Mississippi
16,Biden,28,NC,Biden,Montana
16,Biden,29,ND,Trump,North Carolina
16,Biden,30,NE,Trump,North Dakota
16,Biden,31,NH,Trump,Nebraska
16,Biden,32,NJ,Trump,New Hampshire
16,Biden,33,NM,Biden,New Jersey
16,Biden,34,NV,Biden,New Mexico
16,Biden,35,NY,Biden,Nevada
16,Biden,36,OH,Biden,New York
16,Biden,37,OK,Trump,Ohio
16,Biden,38,OR,Trump,Oklahoma
16,Biden,39,PA,Biden,Oregon
16,Biden,40,RI,Trump,Pennsylvania
16,Biden,41,SC,Biden,Rhode Island
16,Biden,42,SD,Trump,South Carolina
16,Biden,43,TN,Trump,South Dakota
16,Biden,44,TX,Trump,Tennessee
16,Biden,45,UT,Trump,Texas
16,Biden,46,VA,Trump,Utah
16,Biden,47,VT,Biden,Virginia
16,Biden,48,WA,Biden,Vermont
16,Biden,49,WI,Biden,Washington
16,Biden,50,WV,Biden,Wisconsin
16,Biden,51,WY,Trump,West Virginia
16,Biden,52,NA,Trump,Wyoming
17,Biden,1,AK,Trump,Alaska
17,Biden,2,AL,Trump,Alabama
17,Biden,3,AR,Trump,Arkansas
17,Biden,4,AZ,Biden,Arizona
17,Biden,5,CA,Biden,California
17,Biden,6,CO,Biden,Colorado
17,Biden,7,CT,Biden,Connecticut
17,Biden,8,DC,Biden,District of Columbia
17,Biden,9,DE,Biden,Delaware
17,Biden,10,FL,Biden,Florida
17,Biden,11,GA,Biden,Georgia
17,Biden,12,HI,Biden,Hawaii
17,Biden,13,IA,Trump,Iowa
17,Biden,14,ID,Trump,Idaho
17,Biden,15,IL,Biden,Illinois
17,Biden,16,IN,Trump,Indiana
17,Biden,17,KS,Trump,Kansas
17,Biden,18,KY,Trump,Kentucky
17,Biden,19,LA,Trump,Louisiana
17,Biden,20,MA,Biden,Massachusetts
17,Biden,21,MD,Biden,Maryland
17,Biden,22,ME,Biden,Maine
17,Biden,24,MN,Biden,Michigan
17,Biden,25,MO,Biden,Minnesota
17,Biden,26,MS,Trump,Missouri
17,Biden,27,MT,Trump,Mississippi
17,Biden,28,NC,Trump,Montana
17,Biden,29,ND,Biden,North Carolina
17,Biden,30,NE,Trump,North Dakota
17,Biden,31,NH,Trump,Nebraska
17,Biden,32,NJ,Biden,New Hampshire
17,Biden,33,NM,Biden,New Jersey
17,Biden,34,NV,Biden,New Mexico
17,Biden,35,NY,Biden,Nevada
17,Biden,36,OH,Biden,New York
17,Biden,37,OK,Biden,Ohio
17,Biden,38,OR,Trump,Oklahoma
17,Biden,39,PA,Biden,Oregon
17,Biden,40,RI,Biden,Pennsylvania
17,Biden,41,SC,Biden,Rhode Island
17,Biden,42,SD,Trump,South Carolina
17,Biden,43,TN,Trump,South Dakota
17,Biden,44,TX,Trump,Tennessee
17,Biden,45,UT,Trump,Texas
17,Biden,46,VA,Trump,Utah
17,Biden,47,VT,Biden,Virginia
17,Biden,48,WA,Biden,Vermont
17,Biden,49,WI,Biden,Washington
17,Biden,50,WV,Biden,Wisconsin
17,Biden,51,WY,Trump,West Virginia
17,Biden,52,NA,Trump,Wyoming
18,Biden,1,AK,Trump,Alaska
18,Biden,2,AL,Trump,Alabama
18,Biden,3,AR,Trump,Arkansas
18,Biden,4,AZ,Biden,Arizona
18,Biden,5,CA,Biden,California
18,Biden,6,CO,Biden,Colorado
18,Biden,7,CT,Biden,Connecticut
18,Biden,8,DC,Biden,District of Columbia
18,Biden,9,DE,Biden,Delaware
18,Biden,10,FL,Biden,Florida
18,Biden,11,GA,Biden,Georgia
18,Biden,12,HI,Biden,Hawaii
18,Biden,13,IA,Biden,Iowa
18,Biden,14,ID,Trump,Idaho
18,Biden,15,IL,Biden,Illinois
18,Biden,16,IN,Trump,Indiana
18,Biden,17,KS,Trump,Kansas
18,Biden,18,KY,Trump,Kentucky
18,Biden,19,LA,Trump,Louisiana
18,Biden,20,MA,Biden,Massachusetts
18,Biden,21,MD,Biden,Maryland
18,Biden,22,ME,Biden,Maine
18,Biden,24,MN,Biden,Michigan
18,Biden,25,MO,Biden,Minnesota
18,Biden,26,MS,Trump,Missouri
18,Biden,27,MT,Trump,Mississippi
18,Biden,28,NC,Biden,Montana
18,Biden,29,ND,Biden,North Carolina
18,Biden,30,NE,Trump,North Dakota
18,Biden,31,NH,Trump,Nebraska
18,Biden,32,NJ,Biden,New Hampshire
18,Biden,33,NM,Biden,New Jersey
18,Biden,34,NV,Biden,New Mexico
18,Biden,35,NY,Biden,Nevada
18,Biden,36,OH,Biden,New York
18,Biden,37,OK,Biden,Ohio
18,Biden,38,OR,Trump,Oklahoma
18,Biden,39,PA,Biden,Oregon
18,Biden,40,RI,Biden,Pennsylvania
18,Biden,41,SC,Biden,Rhode Island
18,Biden,42,SD,Trump,South Carolina
18,Biden,43,TN,Trump,South Dakota
18,Biden,44,TX,Trump,Tennessee
18,Biden,45,UT,Trump,Texas
18,Biden,46,VA,Trump,Utah
18,Biden,47,VT,Biden,Virginia
18,Biden,48,WA,Biden,Vermont
18,Biden,49,WI,Biden,Washington
18,Biden,50,WV,Biden,Wisconsin
18,Biden,51,WY,Trump,West Virginia
18,Biden,52,NA,Trump,Wyoming
19,Biden,1,AK,Trump,Alaska
19,Biden,2,AL,Trump,Alabama
19,Biden,3,AR,Trump,Arkansas
19,Biden,4,AZ,Biden,Arizona
19,Biden,5,CA,Biden,California
19,Biden,6,CO,Biden,Colorado
19,Biden,7,CT,Biden,Connecticut
19,Biden,8,DC,Biden,District of Columbia
19,Biden,9,DE,Biden,Delaware
19,Biden,10,FL,Biden,Florida
19,Biden,11,GA,Biden,Georgia
19,Biden,12,HI,Biden,Hawaii
19,Biden,13,IA,Biden,Iowa
19,Biden,14,ID,Trump,Idaho
19,Biden,15,IL,Biden,Illinois
19,Biden,16,IN,Trump,Indiana
19,Biden,17,KS,Trump,Kansas
19,Biden,18,KY,Trump,Kentucky
19,Biden,19,LA,Trump,Louisiana
19,Biden,20,MA,Biden,Massachusetts
19,Biden,21,MD,Biden,Maryland
19,Biden,22,ME,Biden,Maine
19,Biden,24,MN,Biden,Michigan
19,Biden,25,MO,Biden,Minnesota
19,Biden,26,MS,Trump,Missouri
19,Biden,27,MT,Trump,Mississippi
19,Biden,28,NC,Trump,Montana
19,Biden,29,ND,Trump,North Carolina
19,Biden,30,NE,Trump,North Dakota
19,Biden,31,NH,Trump,Nebraska
19,Biden,32,NJ,Biden,New Hampshire
19,Biden,33,NM,Biden,New Jersey
19,Biden,34,NV,Biden,New Mexico
19,Biden,35,NY,Biden,Nevada
19,Biden,36,OH,Biden,New York
19,Biden,37,OK,Biden,Ohio
19,Biden,38,OR,Trump,Oklahoma
19,Biden,39,PA,Biden,Oregon
19,Biden,40,RI,Biden,Pennsylvania
19,Biden,41,SC,Biden,Rhode Island
19,Biden,42,SD,Trump,South Carolina
19,Biden,43,TN,Trump,South Dakota
19,Biden,44,TX,Trump,Tennessee
19,Biden,45,UT,Trump,Texas
19,Biden,46,VA,Trump,Utah
19,Biden,47,VT,Biden,Virginia
19,Biden,48,WA,Biden,Vermont
19,Biden,49,WI,Biden,Washington
19,Biden,50,WV,Biden,Wisconsin
19,Biden,51,WY,Trump,West Virginia
19,Biden,52,NA,Trump,Wyoming
20,Biden,1,AK,Biden,Alaska
20,Biden,2,AL,Trump,Alabama
20,Biden,3,AR,Trump,Arkansas
20,Biden,4,AZ,Biden,Arizona
20,Biden,5,CA,Biden,California
20,Biden,6,CO,Biden,Colorado
20,Biden,7,CT,Biden,Connecticut
20,Biden,8,DC,Biden,District of Columbia
20,Biden,9,DE,Biden,Delaware
20,Biden,10,FL,Biden,Florida
20,Biden,11,GA,Trump,Georgia
20,Biden,12,HI,Biden,Hawaii
20,Biden,13,IA,Trump,Iowa
20,Biden,14,ID,Trump,Idaho
20,Biden,15,IL,Biden,Illinois
20,Biden,16,IN,Trump,Indiana
20,Biden,17,KS,Trump,Kansas
20,Biden,18,KY,Trump,Kentucky
20,Biden,19,LA,Trump,Louisiana
20,Biden,20,MA,Biden,Massachusetts
20,Biden,21,MD,Biden,Maryland
20,Biden,22,ME,Biden,Maine
20,Biden,24,MN,Biden,Michigan
20,Biden,25,MO,Biden,Minnesota
20,Biden,26,MS,Trump,Missouri
20,Biden,27,MT,Trump,Mississippi
20,Biden,28,NC,Trump,Montana
20,Biden,29,ND,Biden,North Carolina
20,Biden,30,NE,Trump,North Dakota
20,Biden,31,NH,Trump,Nebraska
20,Biden,32,NJ,Biden,New Hampshire
20,Biden,33,NM,Biden,New Jersey
20,Biden,34,NV,Biden,New Mexico
20,Biden,35,NY,Biden,Nevada
20,Biden,36,OH,Biden,New York
20,Biden,37,OK,Trump,Ohio
20,Biden,38,OR,Trump,Oklahoma
20,Biden,39,PA,Biden,Oregon
20,Biden,40,RI,Biden,Pennsylvania
20,Biden,41,SC,Biden,Rhode Island
20,Biden,42,SD,Trump,South Carolina
20,Biden,43,TN,Trump,South Dakota
20,Biden,44,TX,Trump,Tennessee
20,Biden,45,UT,Biden,Texas
20,Biden,46,VA,Trump,Utah
20,Biden,47,VT,Biden,Virginia
20,Biden,48,WA,Biden,Vermont
20,Biden,49,WI,Biden,Washington
20,Biden,50,WV,Biden,Wisconsin
20,Biden,51,WY,Trump,West Virginia
20,Biden,52,NA,Trump,Wyoming
21,Biden,1,AK,Trump,Alaska
21,Biden,2,AL,Trump,Alabama
21,Biden,3,AR,Trump,Arkansas
21,Biden,4,AZ,Trump,Arizona
21,Biden,5,CA,Biden,California
21,Biden,6,CO,Biden,Colorado
21,Biden,7,CT,Biden,Connecticut
21,Biden,8,DC,Biden,District of Columbia
21,Biden,9,DE,Biden,Delaware
21,Biden,10,FL,Biden,Florida
21,Biden,11,GA,Biden,Georgia
21,Biden,12,HI,Biden,Hawaii
21,Biden,13,IA,Biden,Iowa
21,Biden,14,ID,Trump,Idaho
21,Biden,15,IL,Biden,Illinois
21,Biden,16,IN,Trump,Indiana
21,Biden,17,KS,Trump,Kansas
21,Biden,18,KY,Trump,Kentucky
21,Biden,19,LA,Trump,Louisiana
21,Biden,20,MA,Biden,Massachusetts
21,Biden,21,MD,Biden,Maryland
21,Biden,22,ME,Biden,Maine
21,Biden,24,MN,Biden,Michigan
21,Biden,25,MO,Biden,Minnesota
21,Biden,26,MS,Biden,Missouri
21,Biden,27,MT,Trump,Mississippi
21,Biden,28,NC,Trump,Montana
21,Biden,29,ND,Biden,North Carolina
21,Biden,30,NE,Trump,North Dakota
21,Biden,31,NH,Trump,Nebraska
21,Biden,32,NJ,Biden,New Hampshire
21,Biden,33,NM,Biden,New Jersey
21,Biden,34,NV,Biden,New Mexico
21,Biden,35,NY,Biden,Nevada
21,Biden,36,OH,Biden,New York
21,Biden,37,OK,Biden,Ohio
21,Biden,38,OR,Trump,Oklahoma
21,Biden,39,PA,Biden,Oregon
21,Biden,40,RI,Biden,Pennsylvania
21,Biden,41,SC,Biden,Rhode Island
21,Biden,42,SD,Trump,South Carolina
21,Biden,43,TN,Trump,South Dakota
21,Biden,44,TX,Trump,Tennessee
21,Biden,45,UT,Biden,Texas
21,Biden,46,VA,Trump,Utah
21,Biden,47,VT,Biden,Virginia
21,Biden,48,WA,Biden,Vermont
21,Biden,49,WI,Biden,Washington
21,Biden,50,WV,Biden,Wisconsin
21,Biden,51,WY,Trump,West Virginia
21,Biden,52,NA,Trump,Wyoming
22,Biden,1,AK,Trump,Alaska
22,Biden,2,AL,Trump,Alabama
22,Biden,3,AR,Trump,Arkansas
22,Biden,4,AZ,Biden,Arizona
22,Biden,5,CA,Biden,California
22,Biden,6,CO,Biden,Colorado
22,Biden,7,CT,Biden,Connecticut
22,Biden,8,DC,Biden,District of Columbia
22,Biden,9,DE,Biden,Delaware
22,Biden,10,FL,Biden,Florida
22,Biden,11,GA,Biden,Georgia
22,Biden,12,HI,Biden,Hawaii
22,Biden,13,IA,Trump,Iowa
22,Biden,14,ID,Trump,Idaho
22,Biden,15,IL,Biden,Illinois
22,Biden,16,IN,Trump,Indiana
22,Biden,17,KS,Trump,Kansas
22,Biden,18,KY,Trump,Kentucky
22,Biden,19,LA,Trump,Louisiana
22,Biden,20,MA,Biden,Massachusetts
22,Biden,21,MD,Biden,Maryland
22,Biden,22,ME,Biden,Maine
22,Biden,24,MN,Biden,Michigan
22,Biden,25,MO,Biden,Minnesota
22,Biden,26,MS,Trump,Missouri
22,Biden,27,MT,Trump,Mississippi
22,Biden,28,NC,Trump,Montana
22,Biden,29,ND,Biden,North Carolina
22,Biden,30,NE,Trump,North Dakota
22,Biden,31,NH,Trump,Nebraska
22,Biden,32,NJ,Biden,New Hampshire
22,Biden,33,NM,Biden,New Jersey
22,Biden,34,NV,Biden,New Mexico
22,Biden,35,NY,Biden,Nevada
22,Biden,36,OH,Biden,New York
22,Biden,37,OK,Trump,Ohio
22,Biden,38,OR,Trump,Oklahoma
22,Biden,39,PA,Biden,Oregon
22,Biden,40,RI,Biden,Pennsylvania
22,Biden,41,SC,Biden,Rhode Island
22,Biden,42,SD,Trump,South Carolina
22,Biden,43,TN,Trump,South Dakota
22,Biden,44,TX,Trump,Tennessee
22,Biden,45,UT,Trump,Texas
22,Biden,46,VA,Trump,Utah
22,Biden,47,VT,Biden,Virginia
22,Biden,48,WA,Biden,Vermont
22,Biden,49,WI,Biden,Washington
22,Biden,50,WV,Biden,Wisconsin
22,Biden,51,WY,Trump,West Virginia
22,Biden,52,NA,Trump,Wyoming
23,Biden,1,AK,Biden,Alaska
23,Biden,2,AL,Trump,Alabama
23,Biden,3,AR,Trump,Arkansas
23,Biden,4,AZ,Biden,Arizona
23,Biden,5,CA,Biden,California
23,Biden,6,CO,Biden,Colorado
23,Biden,7,CT,Biden,Connecticut
23,Biden,8,DC,Biden,District of Columbia
23,Biden,9,DE,Biden,Delaware
23,Biden,10,FL,Biden,Florida
23,Biden,11,GA,Biden,Georgia
23,Biden,12,HI,Biden,Hawaii
23,Biden,13,IA,Biden,Iowa
23,Biden,14,ID,Trump,Idaho
23,Biden,15,IL,Biden,Illinois
23,Biden,16,IN,Biden,Indiana
23,Biden,17,KS,Trump,Kansas
23,Biden,18,KY,Trump,Kentucky
23,Biden,19,LA,Biden,Louisiana
23,Biden,20,MA,Biden,Massachusetts
23,Biden,21,MD,Biden,Maryland
23,Biden,22,ME,Biden,Maine
23,Biden,24,MN,Biden,Michigan
23,Biden,25,MO,Biden,Minnesota
23,Biden,26,MS,Biden,Missouri
23,Biden,27,MT,Biden,Mississippi
23,Biden,28,NC,Trump,Montana
23,Biden,29,ND,Biden,North Carolina
23,Biden,30,NE,Trump,North Dakota
23,Biden,31,NH,Trump,Nebraska
23,Biden,32,NJ,Biden,New Hampshire
23,Biden,33,NM,Biden,New Jersey
23,Biden,34,NV,Biden,New Mexico
23,Biden,35,NY,Biden,Nevada
23,Biden,36,OH,Biden,New York
23,Biden,37,OK,Biden,Ohio
23,Biden,38,OR,Trump,Oklahoma
23,Biden,39,PA,Biden,Oregon
23,Biden,40,RI,Biden,Pennsylvania
23,Biden,41,SC,Biden,Rhode Island
23,Biden,42,SD,Biden,South Carolina
23,Biden,43,TN,Trump,South Dakota
23,Biden,44,TX,Trump,Tennessee
23,Biden,45,UT,Biden,Texas
23,Biden,46,VA,Trump,Utah
23,Biden,47,VT,Biden,Virginia
23,Biden,48,WA,Biden,Vermont
23,Biden,49,WI,Biden,Washington
23,Biden,50,WV,Biden,Wisconsin
23,Biden,51,WY,Trump,West Virginia
23,Biden,52,NA,Trump,Wyoming
24,Biden,1,AK,Trump,Alaska
24,Biden,2,AL,Trump,Alabama
24,Biden,3,AR,Trump,Arkansas
24,Biden,4,AZ,Biden,Arizona
24,Biden,5,CA,Biden,California
24,Biden,6,CO,Biden,Colorado
24,Biden,7,CT,Biden,Connecticut
24,Biden,8,DC,Biden,District of Columbia
24,Biden,9,DE,Biden,Delaware
24,Biden,10,FL,Trump,Florida
24,Biden,11,GA,Trump,Georgia
24,Biden,12,HI,Biden,Hawaii
24,Biden,13,IA,Trump,Iowa
24,Biden,14,ID,Trump,Idaho
24,Biden,15,IL,Biden,Illinois
24,Biden,16,IN,Trump,Indiana
24,Biden,17,KS,Trump,Kansas
24,Biden,18,KY,Trump,Kentucky
24,Biden,19,LA,Trump,Louisiana
24,Biden,20,MA,Biden,Massachusetts
24,Biden,21,MD,Biden,Maryland
24,Biden,22,ME,Biden,Maine
24,Biden,24,MN,Biden,Michigan
24,Biden,25,MO,Biden,Minnesota
24,Biden,26,MS,Trump,Missouri
24,Biden,27,MT,Trump,Mississippi
24,Biden,28,NC,Trump,Montana
24,Biden,29,ND,Trump,North Carolina
24,Biden,30,NE,Trump,North Dakota
24,Biden,31,NH,Trump,Nebraska
24,Biden,32,NJ,Biden,New Hampshire
24,Biden,33,NM,Biden,New Jersey
24,Biden,34,NV,Biden,New Mexico
24,Biden,35,NY,Biden,Nevada
24,Biden,36,OH,Biden,New York
24,Biden,37,OK,Trump,Ohio
24,Biden,38,OR,Trump,Oklahoma
24,Biden,39,PA,Biden,Oregon
24,Biden,40,RI,Biden,Pennsylvania
24,Biden,41,SC,Biden,Rhode Island
24,Biden,42,SD,Trump,South Carolina
24,Biden,43,TN,Trump,South Dakota
24,Biden,44,TX,Trump,Tennessee
24,Biden,45,UT,Trump,Texas
24,Biden,46,VA,Trump,Utah
24,Biden,47,VT,Biden,Virginia
24,Biden,48,WA,Biden,Vermont
24,Biden,49,WI,Biden,Washington
24,Biden,50,WV,Biden,Wisconsin
24,Biden,51,WY,Trump,West Virginia
24,Biden,52,NA,Trump,Wyoming
